{
  "global": [
    {
      "type": "SET_MODEL_NAME",
      "input": {
        "name": "myToDoList (copy) 1"
      },
      "scope": "global",
      "id": "8a4d46fc-1aa3-4a88-9753-ba359c91b9da",
      "index": 0,
      "timestamp": "2025-02-27T15:41:55.362Z",
      "hash": "Mkbe+XiTWhW+TIqKFfH0FknfOyU=",
      "skip": 0
    },
    {
      "type": "SET_STATE_SCHEMA",
      "input": {
        "schema": "type MyToDoListCopy_1State {\n  \"Add your global state fields here\"\n  _placeholder: String\n}",
        "scope": "global"
      },
      "scope": "global",
      "id": "3dc267c6-ddb7-4738-9892-720f9d4c5c61",
      "index": 1,
      "timestamp": "2025-02-27T15:41:55.362Z",
      "hash": "3gLrZ4WC1EfbdDTNEGYY7P2lksU=",
      "skip": 0
    },
    {
      "type": "SET_MODEL_NAME",
      "input": {
        "name": "myToDoList"
      },
      "scope": "global",
      "id": "5e092af3-6794-430c-9a1e-f8c6021a61f3",
      "index": 2,
      "timestamp": "2025-02-27T15:42:08.616Z",
      "hash": "vFvdiGlwDBabLJca3SarwqvyfAM=",
      "skip": 0
    },
    {
      "type": "SET_STATE_SCHEMA",
      "input": {
        "schema": "type MyToDoListState {\n  \"Add your global state fields here\"\n  _placeholder: String\n}",
        "scope": "global"
      },
      "scope": "global",
      "id": "e92c0267-d29a-4d55-af3c-43175878be15",
      "index": 3,
      "timestamp": "2025-02-27T15:42:08.619Z",
      "hash": "xtoW1KiYxQRgYArCAQ8vDul7MRM=",
      "skip": 0
    },
    {
      "type": "SET_STATE_SCHEMA",
      "input": {
        "schema": "type MyToDoListState {\n  \"Add your global state fields here\"\n  _placeholder: String\n}",
        "scope": "global"
      },
      "scope": "global",
      "id": "495cd878-d2a5-403a-ad58-49ca5ddfb4fd",
      "index": 4,
      "timestamp": "2025-02-27T15:42:08.619Z",
      "hash": "xtoW1KiYxQRgYArCAQ8vDul7MRM=",
      "skip": 0
    },
    {
      "type": "SET_STATE_SCHEMA",
      "input": {
        "schema": "\ntype ToDoListState {\n  items: [ToDoItem!]! # Array of to-do items\n  stats: ToDoListStats! # Statistics about the to-do list items\n}\n\n# Defines a GraphQL type for a single to-do item\ntype ToDoItem {\n  id: ID! # Unique identifier for each to-do item\n  text: String! # The text description of the to-do item\n  checked: Boolean! # Status of the to-do item (checked/unchecked)\n}\n\n# Defines a GraphQL type for the statistics of the to-do list\ntype ToDoListStats {\n  total: Int! # Total number of items\n  checked: Int! # Number of checked items\n  unchecked: Int! # Number of unchecked items\n}",
        "scope": "global"
      },
      "scope": "global",
      "id": "8e486a73-390f-496d-8cf9-6aa908c794cf",
      "index": 5,
      "timestamp": "2025-02-27T15:42:42.017Z",
      "hash": "0/WnME1lHSQ4yWEHyNTLNbif3vg=",
      "skip": 0
    },
    {
      "type": "SET_MODEL_NAME",
      "input": {
        "name": "ToDoList"
      },
      "scope": "global",
      "id": "d1204091-13e0-4128-86e0-fa6238106c08",
      "index": 6,
      "timestamp": "2025-02-27T15:42:46.605Z",
      "hash": "/CEoktyRxCAAovbmd9q2YVjOClQ=",
      "skip": 0
    },
    {
      "type": "SET_STATE_SCHEMA",
      "input": {
        "schema": "type ToDoListState {\n  items: [ToDoItem!]!\n  stats: ToDoListStats!\n}\n\ntype ToDoItem {\n  id: ID!\n  text: String!\n  checked: Boolean!\n}\n\ntype ToDoListStats {\n  total: Int!\n  checked: Int!\n  unchecked: Int!\n}",
        "scope": "global"
      },
      "scope": "global",
      "id": "d3d54671-114a-47ca-ba5d-51f0f089ddc3",
      "index": 7,
      "timestamp": "2025-02-27T15:42:46.648Z",
      "hash": "2vv7hlWT/BWQ7BEhsWKuWm0ekQo=",
      "skip": 0
    },
    {
      "type": "SET_STATE_SCHEMA",
      "input": {
        "schema": "type ToDoListState {\n  items: [ToDoItem!]!\n  stats: ToDoListStats!\n}\n\ntype ToDoItem {\n  id: ID!\n  text: String!\n  checked: Boolean!\n}\n\ntype ToDoListStats {\n  total: Int!\n  checked: Int!\n  unchecked: Int!\n}",
        "scope": "global"
      },
      "scope": "global",
      "id": "4e268fe7-b70a-4922-b258-09604cfbf3cf",
      "index": 8,
      "timestamp": "2025-02-27T15:42:46.648Z",
      "hash": "2vv7hlWT/BWQ7BEhsWKuWm0ekQo=",
      "skip": 0
    },
    {
      "type": "ADD_MODULE",
      "input": {
        "id": "/oOw7AqXdBEykVeGBe4FwyVwOqM=",
        "name": "add_todo_item_input"
      },
      "scope": "global",
      "id": "e468590d-8cca-4ce1-8a80-a747b791d6dc",
      "index": 9,
      "timestamp": "2025-02-27T15:43:13.148Z",
      "hash": "h5Kqitx8gDPoRMbFwf/AuiRhsUA=",
      "skip": 0
    },
    {
      "type": "SET_MODULE_NAME",
      "input": {
        "id": "/oOw7AqXdBEykVeGBe4FwyVwOqM=",
        "name": "operation_schema"
      },
      "scope": "global",
      "id": "0874e5b6-8498-4ee1-a840-8bb100240762",
      "index": 10,
      "timestamp": "2025-02-27T15:43:40.654Z",
      "hash": "bg1svlhQHip5Ti/kQeOP4gSfLkA=",
      "skip": 0
    },
    {
      "type": "SET_MODULE_NAME",
      "input": {
        "id": "/oOw7AqXdBEykVeGBe4FwyVwOqM=",
        "name": "to_do_list"
      },
      "scope": "global",
      "id": "6c590cfe-57ed-48d0-b98b-d38b67e9dc80",
      "index": 11,
      "timestamp": "2025-02-27T15:43:49.939Z",
      "hash": "YXFE1TFOrN8eSBnSAYhJ1WIIjgQ=",
      "skip": 0
    },
    {
      "type": "ADD_OPERATION",
      "input": {
        "id": "G5dDTYS7E3RpGjbM8eNVlPdrNcw=",
        "moduleId": "/oOw7AqXdBEykVeGBe4FwyVwOqM=",
        "name": "ADD_TODO_ITEM"
      },
      "scope": "global",
      "id": "406edcc9-c4a0-4e43-81cf-456647427ec5",
      "index": 12,
      "timestamp": "2025-02-27T15:43:54.431Z",
      "hash": "finWPC9hao7x6WoFD15dPer8jlI=",
      "skip": 0
    },
    {
      "type": "SET_OPERATION_SCHEMA",
      "input": {
        "id": "G5dDTYS7E3RpGjbM8eNVlPdrNcw=",
        "schema": "input AddTodoItemInput {\n  \"Add your inputs here\"\n  _placeholder: String\n}"
      },
      "scope": "global",
      "id": "de29704e-cc57-4876-b0a5-b3475c891486",
      "index": 13,
      "timestamp": "2025-02-27T15:43:54.496Z",
      "hash": "Q+waLfyIyZ+447Vo58rQAPFCRJY=",
      "skip": 0
    },
    {
      "type": "SET_OPERATION_SCHEMA",
      "input": {
        "id": "G5dDTYS7E3RpGjbM8eNVlPdrNcw=",
        "schema": "input AddTodoItemInput {\n    id: ID!\n    text: String!\n}"
      },
      "scope": "global",
      "id": "05aabde9-de20-4788-9f7c-c52c085a8622",
      "index": 14,
      "timestamp": "2025-02-27T15:44:03.914Z",
      "hash": "b/DBmCocMDaj0VoeHdZyrgKbK4M=",
      "skip": 0
    },
    {
      "type": "ADD_OPERATION",
      "input": {
        "id": "JzDJHskeTsOd94IRPyC2ipsSW0g=",
        "moduleId": "/oOw7AqXdBEykVeGBe4FwyVwOqM=",
        "name": "UPDATE_TODO_ITEM"
      },
      "scope": "global",
      "id": "cafda8b5-6215-4f40-8497-3aa1f88956e4",
      "index": 15,
      "timestamp": "2025-02-27T15:44:09.161Z",
      "hash": "0Lyv/MxPHw425+lg1btDjq6t5xQ=",
      "skip": 0
    },
    {
      "type": "SET_OPERATION_SCHEMA",
      "input": {
        "id": "JzDJHskeTsOd94IRPyC2ipsSW0g=",
        "schema": "input UpdateTodoItemInput {\n  \"Add your inputs here\"\n  _placeholder: String\n}"
      },
      "scope": "global",
      "id": "eadf33b3-d556-4f98-b338-1f922afb233c",
      "index": 16,
      "timestamp": "2025-02-27T15:44:09.224Z",
      "hash": "wvh5JDEWO/nZHBekh7U/kZTkkPM=",
      "skip": 0
    },
    {
      "type": "ADD_OPERATION",
      "input": {
        "id": "xMmvzPnMngTfKuvBgYXvqZMYVPg=",
        "moduleId": "/oOw7AqXdBEykVeGBe4FwyVwOqM=",
        "name": "DELETE_TODO_ITEM"
      },
      "scope": "global",
      "id": "4a521847-a512-4c9d-ae73-c1eef6ad7a1b",
      "index": 17,
      "timestamp": "2025-02-27T15:44:16.748Z",
      "hash": "PiEwtA0ha4k7mUDVddbxW2oHpiE=",
      "skip": 0
    },
    {
      "type": "SET_OPERATION_SCHEMA",
      "input": {
        "id": "xMmvzPnMngTfKuvBgYXvqZMYVPg=",
        "schema": "input DeleteTodoItemInput {\n  \"Add your inputs here\"\n  _placeholder: String\n}"
      },
      "scope": "global",
      "id": "a435803e-28fa-4410-9503-ba5edc88a557",
      "index": 18,
      "timestamp": "2025-02-27T15:44:16.771Z",
      "hash": "8j8sHhQjd6Sfx4MBhat51VGdi3o=",
      "skip": 0
    },
    {
      "type": "SET_OPERATION_SCHEMA",
      "input": {
        "id": "JzDJHskeTsOd94IRPyC2ipsSW0g=",
        "schema": "input UpdateTodoItemInput {\n  id: ID!\n  text: String\n  checked: Boolean\n}"
      },
      "scope": "global",
      "id": "fe4f95a5-06bf-4881-869c-591450bb1447",
      "index": 19,
      "timestamp": "2025-02-27T15:44:48.613Z",
      "hash": "rvNQNr25P4KNUycJVzgtwfH8DCs=",
      "skip": 0
    },
    {
      "type": "SET_OPERATION_SCHEMA",
      "input": {
        "id": "xMmvzPnMngTfKuvBgYXvqZMYVPg=",
        "schema": "input DeleteTodoItemInput {\n  id: ID!\n}"
      },
      "scope": "global",
      "id": "c9014e57-f0bc-40e0-a951-708a19b5393c",
      "index": 20,
      "timestamp": "2025-02-27T15:44:53.392Z",
      "hash": "y6P4dIHkjgwdY8AZ05NH9kBPzKs=",
      "skip": 0
    },
    {
      "type": "SET_INITIAL_STATE",
      "input": {
        "initialValue": "{\n  \"items\": ",
        "scope": "global"
      },
      "scope": "global",
      "id": "76ab8a4f-cf69-4c87-9534-6edb1233863a",
      "index": 21,
      "timestamp": "2025-02-27T15:46:19.548Z",
      "hash": "fnm4YxnTWhQr1QaspOQ6Ku912PA=",
      "skip": 0
    },
    {
      "type": "SET_INITIAL_STATE",
      "input": {
        "initialValue": "{\n  \"items\":[],\n  \"stats\":{\"total\":0,\"checked\":0,\"unchecked\":0}}",
        "scope": "global"
      },
      "scope": "global",
      "id": "2333453e-4d82-4a44-a232-aae71c32ff89",
      "index": 22,
      "timestamp": "2025-02-27T16:13:28.010Z",
      "hash": "u/APfhOh17IXVUogx/bqZ8SIUvI=",
      "skip": 0
    },
    {
      "type": "SET_MODEL_ID",
      "input": {
        "id": "powerhouse/todolist"
      },
      "scope": "global",
      "id": "faf77ffd-6736-4de8-93c5-6f1cbaa582fb",
      "index": 23,
      "timestamp": "2025-02-27T16:32:18.254Z",
      "hash": "x7VSOO2TCK1IKy/P4IQp7KX/1qU=",
      "skip": 0
    }
  ],
  "local": []
}